<?xml version="1.0" encoding="UTF-8"?>
<project-private xmlns="http://www.netbeans.org/ns/project-private/1">
    <editor-bookmarks xmlns="http://www.netbeans.org/ns/editor-bookmarks/2" lastBookmarkId="0"/>
    <open-files xmlns="http://www.netbeans.org/ns/projectui-open-files/2">
        <group>
            <file>file:/home/kylliefurukawa/Documents/GitHub/Team-2-Create-Your-Own-Adventure/TW/src/tw/TW.java</file>
            <file>file:/home/kylliefurukawa/Documents/GitHub/Team-2-Create-Your-Own-Adventure/TW/src/tw/Menu.java</file>
        </group>
    </open-files>
</project-private>
